-0.0335,-0.0628,-0.1290,0.0035,0,0
0.0936,-0.0601,-0.1257,0.0038,0,0
0.2577,-0.0594,-0.1210,0.0037,0,0
0.3827,-0.0577,-0.1195,0.0039,0,0
0.5142,-0.0573,-0.1206,0.0040,0,0
0.6619,-0.0555,-0.1243,0.0041,0,0
0.8089,-0.0575,-0.1245,0.0037,0,0
0.9543,-0.0583,-0.1252,0.0036,0,0
1.0990,-0.0570,-0.1217,0.0037,0,0
1.2463,-0.0573,-0.1222,0.0035,0,0
1.3703,-0.0594,-0.1211,0.0037,0,0
1.5212,-0.0580,-0.1213,0.0039,0,0
1.6568,-0.0541,-0.1169,0.0040,0,0
1.7908,-0.0551,-0.1186,0.0039,0,0
1.9457,-0.0487,-0.1262,0.0040,0,0
2.1067,-0.0533,-0.1218,0.0037,0,0
2.2426,-0.0536,-0.1221,0.0034,0,0
2.3871,-0.0534,-0.1200,0.0036,0,0
2.5043,-0.0549,-0.1244,0.0036,0,0
2.6615,-0.0471,-0.1218,0.0039,0,0
2.8065,-0.0555,-0.1263,0.0036,0,0
2.9566,-0.0449,-0.1174,0.0038,0,0
3.0884,-0.0496,-0.1132,0.0038,0,0
3.2489,-0.0423,-0.1132,0.0040,0,0
3.3762,-0.0457,-0.1147,0.0039,0,0
3.5224,-0.0429,-0.1154,0.0039,0,0
3.6626,-0.0456,-0.1174,0.0037,0,0
3.8145,-0.0470,-0.1181,0.0035,0,0
3.9351,-0.0387,-0.1222,0.0039,0,0
4.0902,-0.0405,-0.1151,0.0043,0,0
4.2291,-0.0398,-0.1139,0.0038,0,0
4.3791,-0.0425,-0.1203,0.0039,0,0
4.5036,-0.0390,-0.1200,0.0040,0,0
4.6489,-0.0403,-0.1165,0.0043,0,0
4.7970,-0.0389,-0.1243,0.0042,0,0
4.9381,-0.0362,-0.1168,0.0040,0,0
5.0922,-0.0389,-0.1102,0.0039,0,0
5.2189,-0.0400,-0.1108,0.0038,0,0
5.3804,-0.0365,-0.1098,0.0041,0,0
5.5140,-0.0388,-0.1092,0.0037,0,0
5.6533,-0.0379,-0.1098,0.0037,0,0
5.7915,-0.0350,-0.1104,0.0039,0,0
5.9435,-0.0316,-0.1114,0.0037,0,0
6.0799,-0.0325,-0.1145,0.0037,0,0
6.2303,-0.0357,-0.1141,0.0037,0,0
6.3638,-0.0358,-0.1120,0.0035,0,0
6.5142,-0.0328,-0.1112,0.0035,0,0
6.6445,-0.0352,-0.1120,0.0038,0,0
6.8081,-0.0320,-0.1174,0.0038,0,0
6.9407,-0.0371,-0.1167,0.0035,0,0
7.0899,-0.0370,-0.1168,0.0036,0,0
7.2425,-0.0307,-0.1124,0.0035,0,0
7.3793,-0.0321,-0.1128,0.0033,0,0
7.5199,-0.0331,-0.1156,0.0038,0,0
7.6625,-0.0328,-0.1157,0.0034,0,0
7.8011,-0.0282,-0.1187,0.0037,0,0
7.9548,-0.0256,-0.1153,0.0040,0,0
8.0841,-0.0302,-0.1126,0.0033,0,0
8.2299,-0.0276,-0.1119,0.0037,0,0
8.3818,-0.0243,-0.1112,0.0037,0,0
8.5062,-0.0216,-0.1089,0.0038,0,0
8.6462,-0.0195,-0.1133,0.0038,0,0
8.7739,-0.0213,-0.1107,0.0036,0,0
8.9196,-0.0190,-0.1076,0.0046,0,0
9.0757,-0.0188,-0.1074,0.0044,0,0
9.2153,-0.0197,-0.1056,0.0047,0,0
9.3628,-0.0165,-0.1033,0.0047,0,0
9.4890,-0.0128,-0.1049,0.0045,0,0
9.6276,-0.0218,-0.1055,0.0043,0,0
9.7749,-0.0234,-0.1071,0.0043,0,0
9.9087,-0.0165,-0.1044,0.0045,0,0
10.0541,-0.0158,-0.1083,0.0047,0,0
10.2051,-0.0126,-0.1048,0.0044,0,0
10.3427,-0.0162,-0.1035,0.0043,0,0
10.4908,-0.0148,-0.1001,0.0042,0,0
10.6252,-0.0165,-0.1047,0.0043,0,0
10.7721,-0.0217,-0.1050,0.0045,0,0
10.9033,-0.0112,-0.1028,0.0047,0,0
11.0615,-0.0213,-0.1048,0.0043,0,0
11.2017,-0.0114,-0.0991,0.0042,0,0
11.3544,-0.0165,-0.1033,0.0042,0,0
11.5015,-0.0173,-0.0934,0.0036,0,0
11.6431,-0.0147,-0.0957,0.0042,0,0
11.7849,-0.0054,-0.0991,0.0041,0,0
11.9290,-0.0084,-0.0976,0.0045,0,0
12.0643,-0.0056,-0.0962,0.0042,0,0
12.2130,-0.0126,-0.0904,0.0043,0,0
12.3508,-0.0059,-0.0906,0.0042,0,0
12.4793,-0.0079,-0.0920,0.0044,0,0
12.6249,-0.0067,-0.0929,0.0045,0,0
12.7568,-0.0054,-0.0961,0.0046,0,0
12.9069,-0.0024,-0.0988,0.0051,0,0
13.0559,0.0047,-0.0977,0.0051,0,0
13.2145,-0.0032,-0.0940,0.0044,0,0
13.3622,-0.0045,-0.0912,0.0046,0,0
13.4872,-0.0024,-0.0873,0.0045,0,0
13.6331,-0.0006,-0.0892,0.0047,0,0
13.7712,-0.0060,-0.0911,0.0047,0,0
13.9126,-0.0056,-0.0922,0.0043,0,0
14.0701,-0.0041,-0.0903,0.0046,0,0
14.2084,-0.0022,-0.0867,0.0043,0,0
14.3457,0.0059,-0.0888,0.0046,0,0
14.4707,0.0043,-0.0843,0.0048,0,0
14.6200,0.0046,-0.0839,0.0047,0,0
14.7538,-0.0000,-0.0820,0.0052,0,0
14.9082,0.0030,-0.0835,0.0049,0,0
15.0560,0.0070,-0.0799,0.0049,0,0
15.2135,-0.0036,-0.0809,0.0044,0,0
15.3556,0.0013,-0.0766,0.0047,0,0
15.5001,0.0011,-0.0733,0.0046,0,0
15.6260,-0.0016,-0.0742,0.0043,0,0
15.7844,0.0011,-0.0758,0.0044,0,0
15.9155,0.0067,-0.0736,0.0046,0,0
16.0728,0.0080,-0.0754,0.0046,0,0
16.2026,0.0167,-0.0766,0.0051,0,0
16.3535,0.0153,-0.0789,0.0045,0,0
16.4757,0.0092,-0.0780,0.0050,0,0
16.6335,0.0153,-0.0749,0.0048,0,0
16.7757,0.0086,-0.0725,0.0045,0,0
16.9124,0.0106,-0.0776,0.0050,0,0
17.0590,0.0086,-0.0755,0.0051,0,0
17.2111,0.0145,-0.0784,0.0049,0,0
17.3435,0.0114,-0.0712,0.0043,0,0
17.4863,0.0161,-0.0739,0.0047,0,0
17.6234,0.0186,-0.0712,0.0056,0,0
17.7759,0.0138,-0.0703,0.0052,0,0
17.9005,0.0147,-0.0728,0.0052,0,0
18.0490,0.0174,-0.0729,0.0052,0,0
18.2035,0.0216,-0.0681,0.0055,0,0
18.3310,0.0280,-0.0685,0.0056,0,0
18.4801,0.0364,-0.0689,0.0062,0,0
18.6095,0.0347,-0.0708,0.0060,0,0
18.7649,0.0331,-0.0730,0.0060,0,0
18.9172,0.0264,-0.0679,0.0057,0,0
19.0582,0.0202,-0.0642,0.0054,0,0
19.2058,0.0182,-0.0636,0.0053,0,0
19.3415,0.0248,-0.0638,0.0053,0,0
19.4694,0.0434,-0.0639,0.0064,0,0
19.6122,0.0195,-0.0638,0.0051,0,0
19.7665,0.0316,-0.0584,0.0058,0,0
19.8870,0.0342,-0.0561,0.0061,0,0
20.0576,0.0313,-0.0540,0.0052,0,0
20.1996,0.0210,-0.0570,0.0051,0,0
20.3535,0.0251,-0.0573,0.0054,0,0
20.4885,0.0312,-0.0598,0.0051,0,0
20.6165,0.0326,-0.0594,0.0053,0,0
20.7705,0.0283,-0.0584,0.0054,0,0
20.9090,0.0263,-0.0568,0.0054,0,0
21.0402,0.0324,-0.0569,0.0059,0,0
21.1962,0.0307,-0.0590,0.0054,0,0
21.3410,0.0343,-0.0562,0.0055,0,0
21.4954,0.0339,-0.0514,0.0053,0,0
21.6324,0.0339,-0.0477,0.0053,0,0
21.7646,0.0420,-0.0485,0.0060,0,0
21.9039,0.0325,-0.0516,0.0057,0,0
22.0599,0.0274,-0.0557,0.0053,0,0
22.2065,0.0284,-0.0515,0.0052,0,0
22.3381,0.0253,-0.0513,0.0051,0,0
22.4838,0.0311,-0.0487,0.0057,0,0
22.6319,0.0339,-0.0484,0.0054,0,0
22.7630,0.0387,-0.0486,0.0053,0,0
22.9205,0.0310,-0.0457,0.0053,0,0
23.0587,0.0308,-0.0414,0.0051,0,0
23.2132,0.0354,-0.0454,0.0051,0,0
23.3584,0.0324,-0.0468,0.0050,0,0
23.4820,0.0280,-0.0494,0.0049,0,0
23.6274,0.0266,-0.0440,0.0052,0,0
23.7709,0.0294,-0.0479,0.0055,0,0
23.9258,0.0354,-0.0450,0.0055,0,0
24.0512,0.0366,-0.0445,0.0060,0,0
24.2174,0.0328,-0.0390,0.0054,0,0
24.3432,0.0364,-0.0393,0.0057,0,0
24.4894,0.0342,-0.0410,0.0058,0,0
24.6269,0.0360,-0.0448,0.0057,0,0
24.7676,0.0393,-0.0387,0.0058,0,0
24.9163,0.0379,-0.0367,0.0057,0,0
25.0520,0.0378,-0.0371,0.0057,0,0
25.2035,0.0418,-0.0373,0.0057,0,0
25.3489,0.0419,-0.0374,0.0059,0,0
25.4771,0.0438,-0.0314,0.0060,0,0
25.6235,0.0524,-0.0360,0.0067,0,0
25.7606,0.0566,-0.0345,0.0060,0,0
25.9100,0.0455,-0.0426,0.0059,0,0
26.0547,0.0499,-0.0343,0.0061,0,0
26.2069,0.0424,-0.0303,0.0060,0,0
26.3559,0.0378,-0.0308,0.0055,0,0
26.4850,0.0463,-0.0291,0.0064,0,0
26.6271,0.0456,-0.0265,0.0060,0,0
26.7738,0.0523,-0.0243,0.0063,0,0
26.9071,0.0513,-0.0284,0.0063,0,0
27.0640,0.0455,-0.0236,0.0058,0,0
27.2125,0.0475,-0.0304,0.0061,0,0
27.3396,0.0483,-0.0287,0.0061,0,0
27.4499,0.0551,-0.0272,0.0065,0,0
27.5567,0.0547,-0.0211,0.0066,0,0
27.6700,0.0526,-0.0191,0.0067,0,0
27.7750,0.0596,-0.0388,0.0068,0,0
27.8794,0.0538,-0.0238,0.0066,0,0
28.0081,0.0510,-0.0338,0.0062,0,0
28.1175,0.0507,-0.0233,0.0064,0,0
28.0641,-0.0431,-0.0286,-1.5032,0,0
28.0666,-0.1435,-0.0358,-1.5031,0,0
28.0688,-0.2472,-0.0340,-1.5026,0,0
28.0788,-0.3538,-0.0328,-1.5026,0,0
28.0924,-0.4818,-0.0248,-1.5026,0,0
28.1000,-0.6044,-0.0197,-1.5024,0,0
28.0989,-0.7263,-0.0309,-1.5022,0,0
28.1069,-0.8453,-0.0284,-1.5021,0,0
28.1164,-0.9639,-0.0307,-1.5024,0,0
28.1267,-1.1299,-0.0312,-1.5021,0,0
28.1393,-1.3272,-0.0322,-1.5005,0,0
28.1489,-1.4303,-0.0314,-1.5006,0,0
28.1568,-1.6276,-0.0411,-1.5017,0,0
28.1730,-1.7374,-0.0224,-1.5030,0,0
28.1916,-1.9351,-0.0345,-1.5053,0,0
28.1904,-2.0428,-0.0365,-1.5063,0,0
28.2055,-2.2464,-0.0412,-1.5074,0,0
28.2048,-2.3491,-0.0420,-1.5074,0,0
28.2193,-2.5464,-0.0315,-1.5083,0,0
28.2341,-2.6514,-0.0309,-1.5109,0,0
28.2363,-2.7619,-0.0368,-1.5142,0,0
28.2459,-2.9591,-0.0350,-1.5252,0,0
28.2466,-3.0676,-0.0327,-1.5338,0,0
28.2536,-3.2684,-0.0274,-1.5430,0,0
28.2656,-3.3738,-0.0256,-1.5438,0,0
28.2758,-3.5688,-0.0314,-1.5434,0,0
28.2641,-3.6687,-0.0381,-1.5423,0,0
28.2718,-3.7799,-0.0332,-1.5421,0,0
28.2779,-3.9724,-0.0459,-1.5417,0,0
28.2797,-4.1766,-0.0378,-1.5412,0,0
28.2917,-4.3732,-0.0429,-1.5419,0,0
28.2925,-4.4815,-0.0342,-1.5423,0,0
28.2983,-4.5853,-0.0436,-1.5424,0,0
28.2898,-4.6885,-0.0383,-1.5419,0,0
28.3107,-4.8004,-0.0389,-1.5422,0,0
28.3102,-4.9916,-0.0482,-1.5413,0,0
28.3046,-5.0975,-0.0473,-1.5407,0,0
28.3151,-5.2974,-0.0421,-1.5400,0,0
28.3319,-5.4086,-0.0394,-1.5397,0,0
28.3291,-5.6034,-0.0446,-1.5396,0,0
28.3211,-5.7106,-0.0540,-1.5398,0,0
28.3417,-5.8225,-0.0570,-1.5404,0,0
28.3386,-6.0105,-0.0653,-1.5393,0,0
28.3385,-6.2182,-0.0636,-1.5382,0,0
28.3493,-6.3276,-0.0606,-1.5378,0,0
28.3612,-6.5329,-0.0660,-1.5374,0,0
28.3679,-6.7252,-0.0580,-1.5370,0,0
28.3591,-6.8305,-0.0584,-1.5365,0,0
28.3769,-6.9383,-0.0588,-1.5367,0,0
28.3846,-7.1285,-0.0600,-1.5367,0,0
28.3839,-7.2396,-0.0634,-1.5363,0,0
28.3782,-7.3478,-0.0713,-1.5363,0,0
28.3889,-7.4569,-0.0735,-1.5360,0,0
28.3912,-7.5603,-0.0650,-1.5358,0,0
28.3980,-7.6643,-0.0583,-1.5349,0,0
28.3982,-7.8428,-0.0668,-1.5348,0,0
28.4180,-8.0130,-0.0720,-1.5349,0,0
28.4211,-8.1369,-0.0664,-1.5347,0,0
28.4191,-8.2574,-0.0724,-1.5344,0,0
28.4233,-8.3793,-0.0688,-1.5345,0,0
28.4215,-8.4993,-0.0777,-1.5346,0,0
28.4398,-8.6257,-0.0673,-1.5346,0,0
28.4334,-8.7465,-0.0710,-1.5346,0,0
28.4388,-8.8558,-0.0688,-1.5344,0,0
28.4302,-8.9756,-0.0811,-1.5340,0,0
28.4379,-9.1020,-0.0802,-1.5341,0,0
28.4531,-9.2242,-0.0880,-1.5344,0,0
28.4501,-9.3416,-0.0903,-1.5342,0,0
28.4607,-9.4617,-0.0936,-1.5343,0,0
28.4654,-9.5830,-0.0794,-1.5342,0,0
28.4720,-9.7052,-0.0842,-1.5347,0,0
28.4774,-9.8186,-0.0926,-1.5342,0,0
28.4926,-9.9506,-0.0836,-1.5349,0,0
28.4917,-10.0663,-0.0853,-1.5346,0,0
28.4883,-10.1805,-0.0952,-1.5341,0,0
28.4911,-10.3064,-0.0912,-1.5342,0,0
28.5030,-10.4267,-0.0871,-1.5336,0,0
28.5027,-10.5394,-0.0913,-1.5338,0,0
28.6042,-10.5344,-0.0880,-3.1046,0,0
28.5017,-10.5215,-0.0810,-3.1229,0,0
28.3843,-10.5218,-0.0821,-3.1233,0,0
28.2589,-10.5286,-0.0895,-3.1232,0,0
28.1416,-10.5236,-0.0888,-3.1229,0,0
28.0243,-10.5268,-0.0840,-3.1231,0,0
27.9208,-10.5299,-0.0867,-3.1234,0,0
27.7997,-10.5315,-0.0895,-3.1232,0,0
27.6675,-10.5336,-0.0856,-3.1234,0,0
27.5068,-10.5454,-0.0857,-3.1234,0,0
27.4059,-10.5434,-0.0823,-3.1221,0,0
27.2997,-10.5504,-0.0853,-3.1209,0,0
27.1613,-10.5487,-0.0849,-3.1207,0,0
27.0451,-10.5484,-0.0838,-3.1208,0,0
26.8804,-10.5516,-0.0864,-3.1215,0,0
26.7151,-10.5572,-0.0838,-3.1219,0,0
26.5660,-10.5572,-0.0862,-3.1215,0,0
26.3992,-10.5620,-0.0953,-3.1198,0,0
26.2067,-10.5673,-0.0943,-3.1188,0,0
26.0737,-10.5681,-0.0925,-3.1194,0,0
25.8884,-10.5698,-0.0939,-3.1209,0,0
25.7202,-10.5759,-0.0849,-3.1226,0,0
25.5487,-10.5824,-0.0894,-3.1238,0,0
25.3770,-10.5831,-0.0820,-3.1230,0,0
25.2245,-10.5884,-0.0818,-3.1220,0,0
25.0452,-10.5901,-0.0954,-3.1205,0,0
24.8790,-10.5929,-0.0798,-3.1197,0,0
24.7232,-10.5970,-0.0923,-3.1204,0,0
24.5409,-10.5986,-0.0877,-3.1241,0,0
24.3440,-10.6008,-0.0999,-3.1284,0,0
24.2244,-10.6024,-0.1004,-3.1297,0,0
24.0585,-10.6033,-0.0950,-3.1313,0,0
23.8758,-10.6039,-0.1022,-3.1324,0,0
23.6954,-10.6078,-0.1029,-3.1345,0,0
23.5227,-10.6063,-0.1065,-3.1367,0,0
23.3575,-10.6102,-0.0990,-3.1404,0,0
23.2310,-10.6056,-0.0937,3.1405,0,0
23.0381,-10.6054,-0.0975,3.1384,0,0
22.8625,-10.6080,-0.0977,3.1382,0,0
22.7034,-10.6028,-0.1022,3.1395,0,0
22.5343,-10.6072,-0.1016,3.1408,0,0
22.3516,-10.6044,-0.1054,-3.1415,0,0
22.1802,-10.6000,-0.1096,-3.1416,0,0
22.0338,-10.6052,-0.1100,3.1405,0,0
21.8809,-10.6038,-0.1182,3.1391,0,0
21.6915,-10.6040,-0.1100,3.1378,0,0
21.5163,-10.6013,-0.1167,3.1382,0,0
21.3443,-10.6035,-0.1053,3.1393,0,0
21.2042,-10.5959,-0.1120,3.1409,0,0
21.0115,-10.5969,-0.1064,3.1415,0,0
20.8257,-10.6044,-0.1118,3.1400,0,0
20.6801,-10.6035,-0.1073,3.1388,0,0
20.5070,-10.6004,-0.1112,3.1373,0,0
20.3209,-10.5982,-0.1181,3.1373,0,0
20.1609,-10.5952,-0.1251,3.1384,0,0
20.0043,-10.5975,-0.1191,3.1398,0,0
19.8320,-10.5981,-0.1214,3.1405,0,0
19.6535,-10.5953,-0.1199,3.1410,0,0
19.5087,-10.5955,-0.1168,3.1402,0,0
19.3435,-10.5965,-0.1245,3.1381,0,0
19.1690,-10.5944,-0.1241,3.1366,0,0
18.9973,-10.5955,-0.1099,3.1368,0,0
18.8400,-10.5962,-0.1189,3.1379,0,0
18.6729,-10.5912,-0.1271,3.1393,0,0
18.4974,-10.5940,-0.1162,3.1410,0,0
18.3250,-10.5936,-0.1177,3.1409,0,0
18.1363,-10.5917,-0.1171,3.1391,0,0
17.9915,-10.5913,-0.1264,3.1376,0,0
17.8196,-10.5916,-0.1311,3.1374,0,0
17.6380,-10.5875,-0.1324,3.1384,0,0
17.4906,-10.5891,-0.1258,3.1393,0,0
17.3044,-10.5824,-0.1269,3.1415,0,0
17.1418,-10.5885,-0.1272,3.1411,0,0
16.9901,-10.5887,-0.1329,3.1402,0,0
16.8197,-10.5875,-0.1272,3.1389,0,0
16.6390,-10.5883,-0.1285,3.1369,0,0
16.4674,-10.5919,-0.1324,3.1365,0,0
16.2880,-10.5840,-0.1323,3.1383,0,0
16.1413,-10.5823,-0.1401,3.1391,0,0
15.9651,-10.5828,-0.1498,3.1396,0,0
15.7907,-10.5860,-0.1364,3.1388,0,0
15.6097,-10.5817,-0.1426,3.1382,0,0
15.4774,-10.5842,-0.1421,3.1370,0,0
15.3005,-10.5792,-0.1384,3.1367,0,0
15.1357,-10.5772,-0.1430,3.1371,0,0
14.9735,-10.5801,-0.1449,3.1386,0,0
14.7923,-10.5813,-0.1411,3.1415,0,0
14.6173,-10.5788,-0.1456,-3.1411,0,0
14.4408,-10.5806,-0.1379,3.1409,0,0
14.2710,-10.5814,-0.1383,3.1394,0,0
14.1221,-10.5821,-0.1384,3.1377,0,0
13.9518,-10.5789,-0.1384,3.1370,0,0
13.7739,-10.5749,-0.1473,3.1378,0,0
13.6121,-10.5766,-0.1464,3.1391,0,0
13.4576,-10.5732,-0.1536,3.1405,0,0
13.2714,-10.5745,-0.1492,3.1407,0,0
13.0888,-10.5761,-0.1541,3.1399,0,0
12.9435,-10.5746,-0.1490,3.1390,0,0
12.7712,-10.5745,-0.1548,3.1376,0,0
12.6024,-10.5757,-0.1521,3.1380,0,0
12.4424,-10.5762,-0.1468,3.1391,0,0
12.2732,-10.5756,-0.1461,3.1399,0,0
12.0921,-10.5732,-0.1579,3.1416,0,0
11.9269,-10.5749,-0.1568,3.1410,0,0
11.7551,-10.5751,-0.1549,3.1396,0,0
11.6036,-10.5733,-0.1547,3.1384,0,0
11.4361,-10.5708,-0.1595,3.1377,0,0
11.2588,-10.5708,-0.1548,3.1385,0,0
11.0821,-10.5697,-0.1631,3.1398,0,0
10.9033,-10.5701,-0.1584,3.1410,0,0
10.7674,-10.5724,-0.1669,3.1411,0,0
10.5894,-10.5714,-0.1543,3.1411,0,0
10.4107,-10.5699,-0.1610,3.1394,0,0
10.2295,-10.5691,-0.1548,3.1379,0,0
10.0886,-10.5680,-0.1579,3.1373,0,0
9.9267,-10.5685,-0.1681,3.1385,0,0
9.7445,-10.5690,-0.1636,3.1399,0,0
9.5733,-10.5659,-0.1635,3.1410,0,0
9.4016,-10.5655,-0.1618,-3.1416,0,0
9.2570,-10.5655,-0.1670,3.1410,0,0
9.0751,-10.5644,-0.1660,3.1402,0,0
8.9010,-10.5659,-0.1627,3.1397,0,0
8.7136,-10.5652,-0.1715,3.1400,0,0
8.5804,-10.5636,-0.1634,3.1407,0,0
8.4036,-10.5653,-0.1576,-3.1411,0,0
8.2353,-10.5651,-0.1644,-3.1403,0,0
8.0544,-10.5646,-0.1599,-3.1410,0,0
7.9115,-10.5630,-0.1654,3.1413,0,0
7.7319,-10.5624,-0.1727,3.1401,0,0
7.5526,-10.5600,-0.1658,3.1402,0,0
7.3826,-10.5627,-0.1664,3.1409,0,0
7.2373,-10.5624,-0.1667,-3.1411,0,0
7.0608,-10.5623,-0.1616,-3.1396,0,0
6.8788,-10.5641,-0.1691,-3.1388,0,0
6.7364,-10.5631,-0.1708,-3.1394,0,0
6.5550,-10.5621,-0.1738,-3.1406,0,0
6.3870,-10.5672,-0.1627,3.1414,0,0
6.2049,-10.5626,-0.1713,3.1415,0,0
6.0362,-10.5638,-0.1729,-3.1412,0,0
5.8932,-10.5630,-0.1671,-3.1400,0,0
5.7234,-10.5640,-0.1711,-3.1385,0,0
5.5454,-10.5647,-0.1725,-3.1388,0,0
5.3788,-10.5646,-0.1692,-3.1407,0,0
5.2031,-10.5629,-0.1781,3.1412,0,0
5.0222,-10.5679,-0.1775,3.1408,0,0
4.8816,-10.5680,-0.1783,3.1413,0,0
4.7091,-10.5645,-0.1770,-3.1404,0,0
4.5277,-10.5635,-0.1723,-3.1385,0,0
4.3801,-10.5652,-0.1750,-3.1382,0,0
4.2049,-10.5679,-0.1736,-3.1387,0,0
4.0403,-10.5675,-0.1771,-3.1399,0,0
3.8553,-10.5689,-0.1795,-3.1415,0,0
3.6801,-10.5700,-0.1725,3.1410,0,0
3.5459,-10.5669,-0.1780,3.1411,0,0
3.3710,-10.5700,-0.1855,-3.1406,0,0
3.1919,-10.5692,-0.1878,-3.1398,0,0
3.0340,-10.5687,-0.1868,-3.1399,0,0
2.8850,-10.5700,-0.1893,-3.1416,0,0
2.7531,-10.5722,-0.1871,3.1411,0,0
2.6098,-10.5643,-0.1839,3.1402,0,0
2.4955,-10.5650,-0.1798,3.1407,0,0
2.3556,-10.5673,-0.1935,3.1408,0,0
2.2161,-10.5691,-0.1854,-3.1412,0,0
2.0881,-10.5684,-0.1865,-3.1400,0,0
1.9363,-10.5679,-0.1933,-3.1387,0,0
1.8345,-10.5692,-0.1806,-3.1389,0,0
1.6913,-10.5716,-0.1904,-3.1391,0,0
1.5545,-10.5734,-0.1895,-3.1390,0,0
1.4319,-10.5692,-0.1888,-3.1405,0,0
1.3146,-10.5716,-0.1883,3.1414,0,0
1.2141,-10.5734,-0.1961,3.1413,0,0
1.0459,-10.5675,-0.1918,-3.1415,0,0
0.9208,-10.5704,-0.1982,3.1411,0,0
0.8202,-10.5694,-0.1997,3.1409,0,0
0.6918,-10.5718,-0.1931,-3.1414,0,0
0.5562,-10.5720,-0.1940,3.1416,0,0
0.4465,-10.5701,-0.1898,-3.1415,0,0
0.3045,-10.5693,-0.1871,-3.1415,0,0
0.1888,-10.5700,-0.1983,-3.1415,0,0
0.0790,-10.5695,-0.1874,-3.1412,0,0
-0.0254,-10.5673,-0.1881,3.1414,0,0
-0.1472,-10.5687,-0.1937,3.1415,0,0
-0.2854,-10.5707,-0.1985,-3.1415,0,0
-0.3930,-10.5670,-0.1966,3.1416,0,0
-0.4985,-10.5696,-0.1938,3.1415,0,0
-0.6108,-10.5694,-0.1975,-3.1412,0,0
-0.7227,-10.5692,-0.1955,-3.1412,0,0
-0.8348,-10.5701,-0.1968,3.1415,0,0
-0.9462,-10.5710,-0.1978,-3.1411,0,0
-1.0522,-10.5702,-0.1973,-3.1408,0,0
-1.0767,-10.6706,-0.1971,-1.7826,0,0
-1.0781,-10.8067,-0.2008,-1.5516,0,0
-1.0770,-10.9366,-0.2034,-1.5511,0,0
-1.0665,-11.0706,-0.1971,-1.5515,0,0
-1.0722,-11.2092,-0.1914,-1.5512,0,0
-1.0757,-11.3305,-0.1926,-1.5511,0,0
-1.0697,-11.4661,-0.1975,-1.5513,0,0
-1.0651,-11.6434,-0.1958,-1.5519,0,0
-1.0618,-11.8078,-0.2035,-1.5523,0,0
-1.0606,-11.9907,-0.2031,-1.5523,0,0
-1.0566,-12.1542,-0.2033,-1.5523,0,0
-1.0559,-12.3278,-0.2028,-1.5525,0,0
-1.0517,-12.4897,-0.2051,-1.5545,0,0
-1.0493,-12.6685,-0.1960,-1.5697,0,0
-1.0575,-12.8267,-0.2003,-1.5819,0,0
-1.0558,-13.0065,-0.2026,-1.5828,0,0
-1.0532,-13.1679,-0.2014,-1.5826,0,0
-1.0593,-13.3519,-0.2012,-1.5821,0,0
-1.0622,-13.5053,-0.1945,-1.5819,0,0
-1.0626,-13.6848,-0.2015,-1.5816,0,0
-1.0658,-13.8483,-0.2089,-1.5818,0,0
-1.0702,-14.0241,-0.2094,-1.5820,0,0
-1.0620,-14.2036,-0.2017,-1.5818,0,0
-1.0677,-14.3641,-0.2058,-1.5817,0,0
-1.0693,-14.5357,-0.1988,-1.5819,0,0
-1.0752,-14.7102,-0.2025,-1.5814,0,0
-1.0766,-14.8680,-0.2003,-1.5815,0,0
-1.0783,-15.0490,-0.1999,-1.5813,0,0
-1.0782,-15.2099,-0.1999,-1.5804,0,0
-1.0787,-15.3900,-0.2022,-1.5806,0,0
-1.0812,-15.5679,-0.1966,-1.5813,0,0
-1.0858,-15.7305,-0.2027,-1.5811,0,0
-1.0839,-15.8943,-0.2094,-1.5808,0,0
-1.0896,-16.0769,-0.2105,-1.5810,0,0
-1.0903,-16.2378,-0.2151,-1.5804,0,0
-1.0892,-16.4151,-0.2106,-1.5806,0,0
-1.0950,-16.5747,-0.2135,-1.5806,0,0
-1.0937,-16.7432,-0.2149,-1.5801,0,0
-1.0962,-16.9135,-0.2069,-1.5806,0,0
-1.1018,-17.0903,-0.2025,-1.5801,0,0
-1.1055,-17.2532,-0.2044,-1.5799,0,0
-1.1020,-17.4222,-0.2037,-1.5801,0,0
-1.1084,-17.5905,-0.2021,-1.5799,0,0
-1.1063,-17.7690,-0.2033,-1.5796,0,0
-1.1026,-17.9288,-0.2031,-1.5796,0,0
-1.1051,-18.0995,-0.2090,-1.5795,0,0
-1.1042,-18.2318,-0.2060,-1.5788,0,0
-1.1121,-18.3598,-0.2080,-1.5794,0,0
-1.1161,-18.4783,-0.2081,-1.5794,0,0
-1.1086,-18.6024,-0.2050,-1.5792,0,0
-1.1179,-18.7189,-0.2119,-1.5798,0,0
-1.1224,-18.8418,-0.2147,-1.5798,0,0
-1.1206,-18.9682,-0.2093,-1.5793,0,0
-1.1205,-19.0816,-0.2031,-1.5794,0,0
-1.1252,-19.2115,-0.2060,-1.5797,0,0
-1.1255,-19.3477,-0.2055,-1.5793,0,0
-1.1238,-19.4908,-0.2066,-1.5793,0,0
-1.1174,-19.6383,-0.2018,-1.5790,0,0
-1.0602,-19.7515,-0.2050,-0.1781,0,0
-0.9228,-19.7162,-0.2061,-0.0390,0,0
-0.7817,-19.7232,-0.2063,-0.0391,0,0
-0.6313,-19.7272,-0.2081,-0.0390,0,0
-0.4994,-19.7391,-0.2028,-0.0390,0,0
-0.3483,-19.7442,-0.2071,-0.0387,0,0
-0.2060,-19.7463,-0.2022,-0.0389,0,0
-0.0938,-19.7512,-0.2021,-0.0396,0,0
0.0888,-19.7581,-0.2044,-0.0387,0,0
0.1970,-19.7626,-0.2001,-0.0359,0,0
0.3160,-19.7634,-0.1996,-0.0353,0,0
0.4545,-19.7698,-0.1977,-0.0342,0,0
0.5821,-19.7738,-0.2024,-0.0339,0,0
0.6892,-19.7770,-0.1943,-0.0344,0,0
0.8212,-19.7830,-0.1992,-0.0355,0,0
0.9499,-19.7829,-0.1941,-0.0369,0,0
1.0567,-19.7932,-0.2008,-0.0372,0,0
1.1860,-19.7965,-0.2007,-0.0376,0,0
1.2883,-19.8002,-0.1979,-0.0372,0,0
1.4234,-19.8055,-0.2046,-0.0355,0,0
1.5554,-19.8079,-0.1955,-0.0342,0,0
1.6601,-19.8116,-0.1955,-0.0337,0,0
1.7956,-19.8169,-0.1968,-0.0335,0,0
1.9234,-19.8218,-0.1984,-0.0342,0,0
2.0461,-19.8275,-0.1991,-0.0350,0,0
2.1824,-19.8281,-0.1949,-0.0356,0,0
2.2825,-19.8333,-0.1901,-0.0361,0,0
2.4162,-19.8367,-0.1953,-0.0367,0,0
2.5386,-19.8417,-0.1934,-0.0364,0,0
2.6741,-19.8485,-0.1950,-0.0353,0,0
2.7776,-19.8485,-0.1894,-0.0342,0,0
2.9097,-19.8559,-0.1901,-0.0328,0,0
3.0209,-19.8618,-0.1905,-0.0326,0,0
3.1666,-19.8629,-0.1899,-0.0328,0,0
3.2701,-19.8676,-0.1922,-0.0320,0,0
3.4043,-19.8689,-0.1896,-0.0319,0,0
3.5288,-19.8757,-0.1895,-0.0297,0,0
3.6573,-19.8801,-0.1919,-0.0274,0,0
3.7719,-19.8815,-0.1906,-0.0252,0,0
3.9014,-19.8877,-0.1894,-0.0218,0,0
4.0056,-19.8846,-0.1836,-0.0195,0,0
4.1406,-19.8879,-0.1848,-0.0153,0,0
4.2684,-19.8876,-0.1792,-0.0123,0,0
4.3779,-19.8906,-0.1837,-0.0106,0,0
4.5030,-19.8903,-0.1857,-0.0090,0,0
4.6287,-19.8883,-0.1863,-0.0082,0,0
4.7608,-19.8922,-0.1846,-0.0060,0,0
4.8933,-19.8963,-0.1831,-0.0043,0,0
5.0032,-19.8955,-0.1874,-0.0021,0,0
5.1374,-19.8969,-0.1857,0.0008,0,0
5.2512,-19.8988,-0.1831,0.0034,0,0
5.3871,-19.8928,-0.1804,0.0072,0,0
5.4880,-19.8929,-0.1853,0.0098,0,0
5.6072,-19.8890,-0.1803,0.0127,0,0
5.7442,-19.8867,-0.1831,0.0144,0,0
5.8713,-19.8870,-0.1862,0.0167,0,0
5.9812,-19.8840,-0.1828,0.0172,0,0
6.1064,-19.8830,-0.1798,0.0170,0,0
6.2363,-19.8802,-0.1802,0.0185,0,0
6.3510,-19.8759,-0.1857,0.0200,0,0
6.4731,-19.8727,-0.1779,0.0235,0,0
6.6077,-19.8711,-0.1788,0.0265,0,0
6.7122,-19.8699,-0.1803,0.0296,0,0
6.8455,-19.8606,-0.1830,0.0373,0,0
6.9761,-19.8539,-0.1794,0.0458,0,0
7.0950,-19.8518,-0.1828,0.0518,0,0
7.2299,-19.8429,-0.1774,0.0524,0,0
7.4601,-19.8317,-0.1835,0.0510,0,0
7.5922,-19.8244,-0.1766,0.0510,0,0
7.7127,-19.8166,-0.1693,0.0517,0,0
7.8422,-19.8088,-0.1756,0.0526,0,0
7.9484,-19.8055,-0.1759,0.0532,0,0
8.0721,-19.7952,-0.1686,0.0542,0,0
8.2040,-19.7883,-0.1789,0.0540,0,0
8.3112,-19.7800,-0.1751,0.0538,0,0
8.4385,-19.7738,-0.1767,0.0524,0,0
8.5647,-19.7677,-0.1785,0.0517,0,0
8.6776,-19.7600,-0.1672,0.0516,0,0
8.8018,-19.7612,-0.1760,0.0505,0,0
8.9312,-19.7552,-0.1713,0.0510,0,0
9.0610,-19.7453,-0.1731,0.0520,0,0
9.1865,-19.7395,-0.1721,0.0531,0,0
9.2926,-19.7379,-0.1784,0.0538,0,0
9.4230,-19.7265,-0.1723,0.0539,0,0
9.5501,-19.7149,-0.1659,0.0538,0,0
9.6839,-19.7073,-0.1685,0.0526,0,0
9.9127,-19.7029,-0.1756,0.0506,0,0
10.0356,-19.6946,-0.1694,0.0489,0,0
10.1703,-19.6866,-0.1715,0.0463,0,0
10.2736,-19.6850,-0.1708,0.0447,0,0
10.3987,-19.6759,-0.1591,0.0433,0,0
10.5240,-19.6765,-0.1736,0.0420,0,0
10.6566,-19.6681,-0.1644,0.0401,0,0
10.7617,-19.6633,-0.1624,0.0377,0,0
10.8928,-19.6608,-0.1572,0.0350,0,0
11.0207,-19.6596,-0.1677,0.0313,0,0
11.1524,-19.6535,-0.1631,0.0281,0,0
11.2578,-19.6519,-0.1605,0.0254,0,0
11.3897,-19.6453,-0.1590,0.0229,0,0
11.5162,-19.6462,-0.1615,0.0209,0,0
11.6401,-19.6441,-0.1582,0.0195,0,0
11.7568,-19.6403,-0.1514,0.0186,0,0
11.8868,-19.6380,-0.1562,0.0174,0,0
12.0168,-19.6376,-0.1562,0.0157,0,0
12.1200,-19.6368,-0.1543,0.0138,0,0
12.2503,-19.6344,-0.1585,0.0103,0,0
12.3749,-19.6346,-0.1545,0.0067,0,0
12.5037,-19.6350,-0.1508,0.0056,0,0
12.6325,-19.6317,-0.1592,0.0051,0,0
12.8615,-19.6303,-0.1588,0.0064,0,0
12.9947,-19.6307,-0.1604,0.0074,0,0
13.1096,-19.6335,-0.1512,0.0083,0,0
13.2363,-19.6294,-0.1511,0.0089,0,0
13.3702,-19.6235,-0.1472,0.0087,0,0
13.4979,-19.6258,-0.1500,0.0078,0,0
13.7282,-19.6260,-0.1533,0.0058,0,0
13.8652,-19.6249,-0.1487,0.0050,0,0
13.9921,-19.6257,-0.1481,0.0053,0,0
14.2172,-19.6239,-0.1533,0.0070,0,0
14.3549,-19.6224,-0.1476,0.0080,0,0
14.4611,-19.6192,-0.1460,0.0085,0,0
14.5850,-19.6213,-0.1505,0.0088,0,0
14.7130,-19.6167,-0.1469,0.0086,0,0
14.8431,-19.6199,-0.1494,0.0074,0,0
14.9688,-19.6167,-0.1492,0.0067,0,0
15.0967,-19.6182,-0.1478,0.0062,0,0
15.2028,-19.6137,-0.1458,0.0059,0,0
15.3342,-19.6131,-0.1378,0.0061,0,0
15.4582,-19.6149,-0.1454,0.0069,0,0
15.5934,-19.6124,-0.1385,0.0081,0,0
15.8327,-19.6112,-0.1391,0.0094,0,0
15.9514,-19.6115,-0.1382,0.0089,0,0
16.0580,-19.6019,-0.1365,0.0088,0,0
16.1907,-19.6015,-0.1330,0.0072,0,0
16.3195,-19.6055,-0.1339,0.0062,0,0
16.4316,-19.6083,-0.1363,0.0059,0,0
16.5641,-19.6039,-0.1347,0.0058,0,0
16.6878,-19.6034,-0.1389,0.0064,0,0
16.7950,-19.6054,-0.1370,0.0070,0,0
16.9159,-19.6040,-0.1418,0.0083,0,0
17.0446,-19.5991,-0.1373,0.0093,0,0
17.1734,-19.5976,-0.1394,0.0092,0,0
17.3032,-19.5971,-0.1326,0.0084,0,0
17.4273,-19.5995,-0.1361,0.0073,0,0
17.5448,-19.6001,-0.1328,0.0063,0,0
17.6631,-19.5979,-0.1322,0.0054,0,0
17.8051,-19.5955,-0.1314,0.0053,0,0
17.9117,-19.5997,-0.1273,0.0054,0,0
18.0410,-19.5972,-0.1309,0.0069,0,0
18.1654,-19.5996,-0.1302,0.0075,0,0
18.2754,-19.5915,-0.1264,0.0086,0,0
18.4031,-19.5913,-0.1260,0.0088,0,0
18.5348,-19.5921,-0.1219,0.0080,0,0
18.6671,-19.5882,-0.1264,0.0076,0,0
18.7726,-19.5859,-0.1206,0.0068,0,0
18.9002,-19.5854,-0.1263,0.0060,0,0
19.0246,-19.5837,-0.1258,0.0061,0,0
19.1569,-19.5851,-0.1253,0.0060,0,0
19.2819,-19.5872,-0.1194,0.0069,0,0
19.3942,-19.5856,-0.1220,0.0077,0,0
19.5174,-19.5845,-0.1222,0.0088,0,0
19.6376,-19.5839,-0.1201,0.0090,0,0
19.7745,-19.5848,-0.1117,0.0082,0,0
19.8811,-19.5791,-0.1214,0.0079,0,0
20.0178,-19.5804,-0.1214,0.0064,0,0
20.1389,-19.5805,-0.1203,0.0057,0,0
20.2472,-19.5786,-0.1154,0.0048,0,0
20.3745,-19.5817,-0.1162,0.0047,0,0
20.5141,-19.5752,-0.1135,0.0056,0,0
20.6265,-19.5800,-0.1148,0.0064,0,0
20.7682,-19.5807,-0.1132,0.0076,0,0
20.9256,-19.5750,-0.1141,0.0085,0,0
21.0376,-19.5691,-0.1115,0.0092,0,0
21.1854,-19.5684,-0.1124,0.0074,0,0
21.2965,-19.5705,-0.1118,0.0065,0,0
21.4455,-19.5721,-0.1132,0.0049,0,0
21.5675,-19.5706,-0.1090,0.0043,0,0
21.7067,-19.5739,-0.1078,0.0041,0,0
21.8203,-19.5688,-0.1032,0.0053,0,0
21.9748,-19.5714,-0.1117,0.0066,0,0
22.1236,-19.5712,-0.1067,0.0072,0,0
22.2309,-19.5662,-0.1089,0.0079,0,0
22.3646,-19.5718,-0.0983,0.0066,0,0
22.5103,-19.5655,-0.1037,0.0051,0,0
22.6434,-19.5694,-0.1055,0.0036,0,0
22.7579,-19.5666,-0.1012,0.0032,0,0
22.9168,-19.5648,-0.0999,0.0026,0,0
23.0568,-19.5612,-0.0994,0.0033,0,0
23.1816,-19.5608,-0.0990,0.0045,0,0
23.3081,-19.5618,-0.1041,0.0055,0,0
23.4521,-19.5593,-0.1038,0.0070,0,0
23.5852,-19.5616,-0.1025,0.0071,0,0
23.7095,-19.5618,-0.1007,0.0066,0,0
23.8550,-19.5592,-0.1069,0.0054,0,0
23.9759,-19.5560,-0.0954,0.0041,0,0
24.1267,-19.5547,-0.0943,0.0031,0,0
24.2572,-19.5547,-0.0995,0.0031,0,0
24.3865,-19.5556,-0.0972,0.0034,0,0
24.5224,-19.5542,-0.0912,0.0047,0,0
24.6651,-19.5518,-0.0965,0.0063,0,0
24.7767,-19.5549,-0.0946,0.0066,0,0
24.9224,-19.5488,-0.0932,0.0066,0,0
25.0684,-19.5516,-0.0818,0.0060,0,0
25.1939,-19.5510,-0.0803,0.0045,0,0
25.3393,-19.5505,-0.0779,0.0032,0,0
25.4624,-19.5536,-0.0882,0.0027,0,0
25.5730,-19.5561,-0.0893,0.0030,0,0
25.7036,-19.5490,-0.0897,0.0042,0,0
25.8501,-19.5478,-0.0939,0.0060,0,0
25.9901,-19.5530,-0.0950,0.0069,0,0
26.0961,-19.5483,-0.0890,0.0069,0,0
26.2407,-19.5498,-0.0909,0.0060,0,0
26.4010,-19.5469,-0.0810,0.0046,0,0
26.5370,-19.5450,-0.0829,0.0033,0,0
26.6542,-19.5448,-0.0832,0.0024,0,0
26.7963,-19.5412,-0.0823,0.0022,0,0
26.9072,-19.5448,-0.0853,0.0022,0,0
27.0533,-19.5398,-0.0831,0.0041,0,0
27.1963,-19.5410,-0.0802,0.0055,0,0
27.3316,-19.5425,-0.0880,0.0063,0,0
27.4408,-19.5395,-0.0831,0.0066,0,0
27.5795,-19.5387,-0.0753,0.0063,0,0
27.7062,-19.5393,-0.0856,0.0049,0,0
27.8216,-19.5328,-0.0792,0.0042,0,0
27.9348,-19.5369,-0.0820,0.0037,0,0
28.0393,-19.5342,-0.0807,0.0042,0,0
28.1776,-19.5370,-0.0839,0.0046,0,0
28.2851,-19.5348,-0.0705,0.0047,0,0
28.4095,-19.5334,-0.0715,0.0048,0,0
28.5258,-19.5367,-0.0709,0.0045,0,0
28.6681,-19.5324,-0.0697,0.0048,0,0
28.6799,-19.6594,-0.0616,-1.5299,0,0
28.6836,-19.7603,-0.0721,-1.5296,0,0
28.6898,-19.8919,-0.0703,-1.5299,0,0
28.6966,-20.0314,-0.0829,-1.5297,0,0
28.7153,-20.2007,-0.0726,-1.5296,0,0
28.7232,-20.3889,-0.0673,-1.5298,0,0
28.7262,-20.5675,-0.0832,-1.5295,0,0
28.7305,-20.6710,-0.0793,-1.5294,0,0
28.7346,-20.8658,-0.0723,-1.5291,0,0
28.7474,-21.0495,-0.0770,-1.5294,0,0
28.7498,-21.1564,-0.0680,-1.5292,0,0
28.7580,-21.3380,-0.0687,-1.5296,0,0
28.7594,-21.4407,-0.0663,-1.5296,0,0
28.7628,-21.6175,-0.0703,-1.5293,0,0
28.7694,-21.7182,-0.0853,-1.5296,0,0
28.7787,-21.9054,-0.0804,-1.5285,0,0
28.7890,-22.0912,-0.0724,-1.5283,0,0
28.7897,-22.2869,-0.0929,-1.5281,0,0
28.8214,-22.4600,-0.0490,-1.5282,0,0
28.8174,-22.5662,-0.0635,-1.5283,0,0
28.8224,-22.6663,-0.0626,-1.5283,0,0
28.8233,-22.7682,-0.0588,-1.5282,0,0
28.8413,-22.9496,-0.0466,-1.5282,0,0
28.8302,-23.0507,-0.0866,-1.5282,0,0
28.8565,-23.2483,-0.0418,-1.5281,0,0
28.8522,-23.4315,-0.0505,-1.5278,0,0
28.8643,-23.5321,-0.0505,-1.5278,0,0
28.8645,-23.7157,-0.0562,-1.5277,0,0
28.8693,-23.9113,-0.0653,-1.5278,0,0
28.8691,-24.0816,-0.0955,-1.5277,0,0
28.8720,-24.2270,-0.0977,-1.5273,0,0
28.8878,-24.3966,-0.0875,-1.5273,0,0
28.8981,-24.5449,-0.0666,-1.5270,0,0
28.8958,-24.6824,-0.0820,-1.5272,0,0
28.9000,-24.8062,-0.0749,-1.5272,0,0
28.9069,-24.9255,-0.0775,-1.5272,0,0
28.9077,-25.0655,-0.0825,-1.5276,0,0
28.9086,-25.1778,-0.0825,-1.5277,0,0
28.9291,-25.3083,-0.0359,-1.5276,0,0
28.9282,-25.4224,-0.0820,-1.5276,0,0
28.9346,-25.5420,-0.0576,-1.5275,0,0
28.8612,-25.6110,-0.0920,-2.1181,0,0
28.8851,-25.5135,-0.0927,2.6327,0,0
28.7309,-25.4761,-0.0728,-3.1098,0,0
28.6026,-25.4822,-0.0682,-3.1104,0,0
28.4733,-25.4962,-0.0949,-3.1102,0,0
28.3629,-25.5009,-0.0885,-3.1097,0,0
28.2480,-25.5018,-0.0679,-3.1083,0,0
28.1423,-25.5065,-0.0845,-3.1080,0,0
28.0098,-25.5103,-0.0798,-3.1075,0,0
27.8911,-25.5123,-0.0815,-3.1074,0,0
27.7810,-25.5192,-0.0934,-3.1078,0,0
27.6543,-25.5202,-0.0813,-3.1082,0,0
27.5330,-25.5276,-0.0707,-3.1088,0,0
27.4270,-25.5312,-0.0475,-3.1093,0,0
27.2905,-25.5322,-0.0847,-3.1094,0,0
27.0622,-25.5417,-0.0772,-3.1087,0,0
26.9284,-25.5461,-0.0816,-3.1082,0,0
26.8258,-25.5464,-0.0858,-3.1078,0,0
26.6957,-25.5492,-0.1036,-3.1075,0,0
26.5737,-25.5551,-0.0971,-3.1076,0,0
26.4643,-25.5599,-0.1021,-3.1080,0,0
26.3383,-25.5657,-0.0980,-3.1085,0,0
26.2158,-25.5702,-0.1066,-3.1094,0,0
26.0796,-25.5735,-0.1022,-3.1097,0,0
25.8616,-25.5798,-0.1026,-3.1132,0,0
25.7410,-25.5862,-0.0959,-3.1151,0,0
25.6089,-25.5895,-0.0980,-3.1166,0,0
25.4911,-25.5919,-0.1035,-3.1183,0,0
25.2726,-25.5928,-0.1002,-3.1221,0,0
25.1522,-25.6008,-0.0972,-3.1256,0,0
25.0258,-25.5947,-0.1029,-3.1287,0,0
24.9207,-25.6026,-0.0981,-3.1315,0,0
24.8025,-25.6057,-0.0916,-3.1342,0,0
24.6645,-25.6056,-0.1051,-3.1369,0,0
24.5483,-25.6073,-0.0949,-3.1386,0,0
24.4408,-25.6090,-0.0954,-3.1399,0,0
24.3117,-25.6084,-0.1069,-3.1393,0,0
24.1950,-25.6040,-0.1093,-3.1386,0,0
24.0735,-25.6002,-0.1103,-3.1384,0,0
23.9395,-25.6094,-0.1059,-3.1387,0,0
23.8336,-25.6072,-0.1091,-3.1389,0,0
23.7029,-25.6098,-0.1012,-3.1395,0,0
23.5782,-25.6084,-0.1036,-3.1396,0,0
23.4717,-25.6092,-0.1026,-3.1399,0,0
23.3484,-25.6069,-0.0977,-3.1396,0,0
23.2239,-25.6084,-0.0994,-3.1390,0,0
23.1202,-25.6139,-0.0910,-3.1385,0,0
22.9896,-25.6096,-0.1058,-3.1380,0,0
22.8619,-25.6106,-0.1029,-3.1376,0,0
22.7277,-25.6157,-0.1097,-3.1371,0,0
22.6093,-25.6126,-0.1096,-3.1380,0,0
22.4668,-25.6115,-0.1051,-3.1390,0,0
22.3184,-25.6172,-0.1060,-3.1401,0,0
22.2002,-25.6214,-0.1109,-3.1400,0,0
22.0633,-25.6169,-0.1134,-3.1398,0,0
21.9045,-25.6134,-0.1133,-3.1390,0,0
21.7569,-25.6162,-0.1120,-3.1381,0,0
21.6062,-25.6143,-0.1084,-3.1371,0,0
21.4880,-25.6182,-0.1086,-3.1368,0,0
21.3302,-25.6167,-0.1115,-3.1378,0,0
21.1774,-25.6195,-0.1133,-3.1388,0,0
21.0272,-25.6161,-0.1120,-3.1401,0,0
20.8591,-25.6199,-0.1079,-3.1402,0,0
20.6912,-25.6122,-0.1139,-3.1398,0,0
20.5217,-25.6134,-0.1118,-3.1392,0,0
20.3719,-25.6179,-0.1147,-3.1385,0,0
20.1894,-25.6235,-0.1099,-3.1382,0,0
20.0058,-25.6219,-0.1164,-3.1385,0,0
19.8206,-25.6224,-0.1222,-3.1398,0,0
19.6702,-25.6246,-0.1207,-3.1410,0,0
19.4934,-25.6192,-0.1228,-3.1410,0,0
19.3090,-25.6200,-0.1191,-3.1401,0,0
19.1723,-25.6213,-0.1185,-3.1381,0,0
18.9814,-25.6233,-0.1186,-3.1365,0,0
18.7870,-25.6238,-0.1214,-3.1372,0,0
18.6101,-25.6253,-0.1182,-3.1382,0,0
18.4224,-25.6282,-0.1146,-3.1391,0,0
18.2867,-25.6250,-0.1180,-3.1388,0,0
18.0956,-25.6257,-0.1210,-3.1378,0,0
17.9136,-25.6291,-0.1247,-3.1354,0,0
17.7296,-25.6280,-0.1270,-3.1345,0,0
17.5521,-25.6313,-0.1325,-3.1343,0,0
17.4107,-25.6289,-0.1306,-3.1352,0,0
17.2209,-25.6281,-0.1296,-3.1362,0,0
17.0355,-25.6337,-0.1260,-3.1365,0,0
16.8714,-25.6314,-0.1294,-3.1365,0,0
16.6817,-25.6345,-0.1249,-3.1345,0,0
16.5028,-25.6326,-0.1312,-3.1334,0,0
16.3448,-25.6360,-0.1322,-3.1335,0,0
16.1698,-25.6404,-0.1301,-3.1352,0,0
15.9892,-25.6346,-0.1304,-3.1360,0,0
15.8087,-25.6386,-0.1283,-3.1371,0,0
15.6587,-25.6371,-0.1353,-3.1360,0,0
15.4739,-25.6432,-0.1325,-3.1346,0,0
15.3023,-25.6471,-0.1363,-3.1330,0,0
15.1066,-25.6436,-0.1357,-3.1322,0,0
14.9622,-25.6494,-0.1366,-3.1333,0,0
14.7713,-25.6447,-0.1401,-3.1357,0,0
14.5818,-25.6473,-0.1388,-3.1367,0,0
14.4366,-25.6492,-0.1381,-3.1372,0,0
14.2538,-25.6494,-0.1327,-3.1364,0,0
14.0671,-25.6499,-0.1392,-3.1351,0,0
13.9153,-25.6543,-0.1397,-3.1344,0,0
13.7305,-25.6562,-0.1427,-3.1339,0,0
13.5595,-25.6589,-0.1443,-3.1359,0,0
13.3749,-25.6576,-0.1481,-3.1369,0,0
13.1985,-25.6571,-0.1484,-3.1371,0,0
13.0236,-25.6577,-0.1493,-3.1364,0,0
12.8398,-25.6585,-0.1467,-3.1349,0,0
12.6581,-25.6587,-0.1453,-3.1343,0,0
12.4962,-25.6596,-0.1479,-3.1340,0,0
12.3223,-25.6584,-0.1470,-3.1346,0,0
12.1382,-25.6671,-0.1415,-3.1357,0,0
11.9860,-25.6680,-0.1387,-3.1361,0,0
11.7998,-25.6675,-0.1473,-3.1363,0,0
11.6131,-25.6683,-0.1478,-3.1343,0,0
11.4366,-25.6689,-0.1468,-3.1328,0,0
11.2852,-25.6672,-0.1510,-3.1322,0,0
11.1017,-25.6732,-0.1540,-3.1323,0,0
10.9053,-25.6742,-0.1492,-3.1332,0,0
10.7492,-25.6731,-0.1515,-3.1340,0,0
10.5785,-25.6735,-0.1504,-3.1337,0,0
10.3942,-25.6762,-0.1537,-3.1325,0,0
10.2075,-25.6779,-0.1568,-3.1302,0,0
10.0685,-25.6791,-0.1528,-3.1292,0,0
9.8812,-25.6813,-0.1521,-3.1285,0,0
9.6898,-25.6890,-0.1524,-3.1295,0,0
9.5147,-25.6896,-0.1587,-3.1315,0,0
9.3363,-25.6895,-0.1591,-3.1321,0,0
9.1847,-25.6896,-0.1607,-3.1312,0,0
8.9864,-25.6895,-0.1572,-3.1287,0,0
8.7994,-25.6985,-0.1593,-3.1266,0,0
8.6549,-25.6973,-0.1624,-3.1263,0,0
8.4693,-25.6996,-0.1668,-3.1274,0,0
8.2827,-25.7037,-0.1650,-3.1287,0,0
8.1389,-25.7049,-0.1651,-3.1286,0,0
7.9469,-25.7117,-0.1652,-3.1283,0,0
7.7645,-25.7127,-0.1619,-3.1269,0,0
7.5800,-25.7132,-0.1598,-3.1247,0,0
7.4366,-25.7133,-0.1591,-3.1236,0,0
7.2516,-25.7192,-0.1619,-3.1233,0,0
7.0714,-25.7222,-0.1680,-3.1241,0,0
6.8936,-25.7241,-0.1679,-3.1246,0,0
6.7146,-25.7293,-0.1616,-3.1246,0,0
6.5590,-25.7328,-0.1653,-3.1232,0,0
6.3875,-25.7355,-0.1651,-3.1211,0,0
6.1982,-25.7381,-0.1676,-3.1191,0,0
6.0190,-25.7439,-0.1683,-3.1191,0,0
5.8618,-25.7437,-0.1688,-3.1200,0,0
5.6611,-25.7512,-0.1678,-3.1225,0,0
5.5116,-25.7535,-0.1727,-3.1229,0,0
5.3098,-25.7563,-0.1715,-3.1220,0,0
5.1575,-25.7619,-0.1690,-3.1194,0,0
4.9659,-25.7668,-0.1760,-3.1176,0,0
4.8056,-25.7701,-0.1724,-3.1177,0,0
4.6223,-25.7728,-0.1724,-3.1189,0,0
4.4296,-25.7816,-0.1721,-3.1211,0,0
4.2774,-25.7811,-0.1757,-3.1224,0,0
4.0950,-25.7829,-0.1709,-3.1211,0,0
3.9316,-25.7866,-0.1686,-3.1210,0,0
3.7951,-25.7904,-0.1710,-3.1198,0,0
3.6393,-25.7949,-0.1771,-3.1199,0,0
3.4777,-25.7992,-0.1762,-3.1193,0,0
3.3456,-25.8051,-0.1719,-3.1200,0,0
3.1853,-25.8061,-0.1740,-3.1210,0,0
3.0504,-25.8086,-0.1787,-3.1211,0,0
2.9205,-25.8074,-0.1752,-3.1215,0,0
2.7441,-25.8130,-0.1816,-3.1206,0,0
2.6051,-25.8168,-0.1807,-3.1196,0,0
2.4480,-25.8198,-0.1806,-3.1191,0,0
2.3175,-25.8259,-0.1742,-3.1184,0,0
2.1804,-25.8298,-0.1722,-3.1185,0,0
2.0168,-25.8326,-0.1805,-3.1198,0,0
1.8851,-25.8295,-0.1832,-3.1217,0,0
1.7206,-25.8356,-0.1818,-3.1214,0,0
1.5643,-25.8398,-0.1819,-3.1212,0,0
1.4361,-25.8423,-0.1823,-3.1205,0,0
1.2796,-25.8487,-0.1784,-3.1194,0,0
1.1411,-25.8493,-0.1791,-3.1187,0,0
0.9796,-25.8533,-0.1771,-3.1186,0,0
0.8429,-25.8543,-0.1822,-3.1194,0,0
0.6810,-25.8551,-0.1875,-3.1203,0,0
0.5379,-25.8641,-0.1789,-3.1205,0,0
0.4172,-25.8628,-0.1877,-3.1208,0,0
0.2498,-25.8747,-0.1851,-3.1201,0,0
0.1252,-25.8747,-0.1790,-3.1196,0,0
-0.0344,-25.8717,-0.1901,-3.1185,0,0
-0.1993,-25.8762,-0.1904,-3.1182,0,0
-0.3337,-25.8789,-0.1893,-3.1183,0,0
-0.5029,-25.8875,-0.1860,-3.1190,0,0
-0.6312,-25.8861,-0.1844,-3.1199,0,0
-0.7852,-25.8904,-0.1827,-3.1199,0,0
-0.9253,-25.8933,-0.1809,-3.1198,0,0
-1.0847,-25.8973,-0.1834,-3.1202,0,0
-1.2169,-25.8992,-0.1822,-3.1198,0,0
-1.3745,-25.9034,-0.1840,-3.1190,0,0
-1.5238,-25.9062,-0.1917,-3.1181,0,0
-1.6760,-25.9124,-0.1887,-3.1183,0,0
-1.8127,-25.9171,-0.1880,-3.1190,0,0
-1.9779,-25.9206,-0.1835,-3.1197,0,0
-2.0946,-25.9196,-0.1868,-3.1198,0,0
-2.2885,-25.9229,-0.1828,-3.1214,0,0
-2.4274,-25.9291,-0.1825,-3.1199,0,0
-2.6100,-25.9284,-0.1882,-3.1181,0,0
-2.7672,-25.9366,-0.1911,-3.1160,0,0
-2.9561,-25.9397,-0.1847,-3.1157,0,0
-3.1017,-25.9419,-0.1894,-3.1165,0,0
-3.2806,-25.9488,-0.1913,-3.1175,0,0
-3.4463,-25.9540,-0.1869,-3.1178,0,0
-3.5884,-25.9553,-0.1877,-3.1173,0,0
-3.7567,-25.9593,-0.1929,-3.1164,0,0
-3.8942,-25.9647,-0.1872,-3.1159,0,0
-4.0749,-25.9708,-0.1875,-3.1166,0,0
-4.1775,-25.9693,-0.1917,-3.1160,0,0
-4.2945,-25.9673,-0.1913,-3.1164,0,0
